Athlete	Meet	Event	Time	Place	Points	Splits
Chloe Afzali	Milton	50 back split	30.53	2	1
Paige Ingrando	Milton	50 breast split	36.16	2	1
Natalie Guarrera	Milton	50 fly split	28.00	2	1
Sophia Belenkiy	Milton	50 free split	28.22	2	1
Elizabeth Ivanova	Milton	50 back split	39.12
Samantha Zeylikman	Milton	50 breast split	35.23
Madeleine Rowe	Milton	50 fly split	30.71
Grace Flanagan	Milton	50 free split	28.85
Aarna Bhatt	Milton	50 back split	37.10	5
Carrie Zhang	Milton	50 breast split	35.57	5
Audrey Shi	Milton	50 fly split	31.68	5
Eliana Skolnick	Milton	50 free split	31.68	5
Madeleine Rowe	Milton	200 free	132.81	4	2	30.50/34.67/32.75/34.89
Emma Cheung	Milton	200 free	129.11	3	3	29.72/32.40/33.60/33.04
Maya Porter	Milton	200 free	137.81	5	1	32.05/36.22/34.22/35.27
Paige Ingrando	Milton	200 medley	153.69	3	3	34.20/38.15/45.07/36.50
Genevieve Smith	Milton	200 medley	160.56	5	1	31.35/30.03/49.94/38.98
Chloe Afzali	Milton	200 medley	159.98	4	2	35.17/XX.XX/XX.XX/XX.XX
Sophia Belenkiy	Milton	50 free	28.55	3	3
Tessa Jones	Milton	50 free	28.90	4	2
Eliana Skolnick	Milton	50 free	30.55	6
Natalie Guarrera	Milton	100 fly	64.69	1	6
Sophia Belenkiy	Milton	100 fly	75.02	3	3	34.28/40.57
Samantha Zeylikman	Milton	100 fly	80.62	6
Emma Cheung	Milton	100 free	58.96	3	3	28.18/30.65
Emma Manning	Milton	100 free	63.19	6		29.82/33.18
Tessa Jones	Milton	100 free	62.93	5	1	29.57/33
Madeleine Rowe	Milton	500 free	352.43	2	4	66.55/70.93/71.40/72.10/71.40
Genevieve Smith	Milton	500 free	399.89	5	1	72.69/79.97/81.25/82.97/81.97
Madeline Weirup	Milton	500 free	395.52	4	2	73.35/80.59/XX.XX/XX.XX/81.81
Tessa Jones	Milton	50 free split	29.62	4
Emma Manning	Milton	50 free split	27.82	4
Sophia Belenkiy	Milton	50 free split	29.14	2	1
Genevieve Smith	Milton	50 free split	29.32	2	1
Maya Porter	Milton	50 free split	29.56	4
Eliana Skolnick	Milton	50 free split	30.60	4
Emma Cheung	Milton	50 free split	29.09	2	1
Paige Ingrando	Milton	50 free split	28.51	2	1
Aarna Bhatt	Milton	50 free split	30.73	5
Samantha Zeylikman	Milton	50 free split	28.81	5
Carrie Zhang	Milton	50 free split	29.10	5
Grace Flanagan	Milton	50 free split	29.90	5
Natalie Guarrera	Milton	100 back	66.88	4	2	32.52/34.28
Chloe Afzali	Milton	100 back	66.73	3	3	32.32/34.15
Maya Porter	Milton	100 back	75.84	6		36.48/38.78
Paige Ingrando	Milton	100 breast	78.99	1	6	37.26/41.51
Samantha Zeylikman	Milton	100 breast	81.72	3	3	38.60/43.09
Carrie Zhang	Milton	100 breast	81.48	2	4	38.60/42.62
Genevieve Smith	Milton	100 free split	65.54	2	1
Madeleine Rowe	Milton	100 free split	63.96	2	1
Emma Cheung	Milton	100 free split	59.47	2	1
Natalie Guarrera	Milton	100 free split	61.68	2	1
Maya Porter	Milton	100 free split	64.76
Tessa Jones	Milton	100 free split	64.62
Emma Manning	Milton	100 free split	66.50
Chloe Afzali	Milton	100 free split	67.84
Emmeline Fritz	Milton	100 free split	68.20	4
Madeline Weirup	Milton	100 free split	73.87	4
Audrey Shi	Milton	100 free split	65.91	4
Carrie Zhang	Milton	100 free split	66.00	4
Emmeline Fritz	Milton	50 back split	35.46
Bryden Tobin	Milton	50 breast split	39.20
Madeline Weirup	Milton	50 fly split	40.24
Sabine Richmond	Milton	50 free split	32.23
MadhuSri Saranathan	Milton	50 back split	46.06
Aida Huffenus	Milton	50 breast split	39.32
Audrey O'Brien	Milton	50 fly split	39.72
Esther Kraft	Milton	50 free split	38.00
Aarna Bhatt	Milton	50 free	31.03
Elizabeth Ivanova	Milton	50 free	31.19
Audrey Shi	Milton	50 free	30.19
Grace Flanagan	Milton	100 free	64.93			31.12/33.65
Eliana Skolnick	Milton	100 free	65.91			30.63/35.00
Sabine Richmond	Milton	100 free	71.35			32.73/38.02
Elizabeth Ivanova	Milton	100 back	76.68			37.59/39.28
Aarna Bhatt	Milton	100 back	80.06			38.19/41.72
Emmeline Fritz	Milton	100 back	76.54
Audrey O'Brien	Milton	100 breast	96.13			43.35/52.57
Aida Huffenus	Milton	100 breast	90.58			41.66/48.69
Bryden Tobin	Milton	100 breast	93.37			43.70/50.44
Emmeline Fritz	Milton	50 free	30.30
MadhuSri Saranathan	Milton	50 free	38.87
Esther Kraft	Milton	50 free	39.58
Emma Cheung	Braintree	50 back split	32.16	1	2
Maya Porter	Braintree	50 breast split	37.32	1	2
Madeleine Rowe	Braintree	50 fly split	30.40	1	2
Sophia Belenkiy	Braintree	50 free split	29.23	1	2
Emmeline Fritz	Braintree	50 back split	33.42	2	1
Samantha Zeylikman	Braintree	50 breast split	UNK	2	1
Lara Bobocea	Braintree	50 fly split	UNK	2	1
Tessa Jones	Braintree	50 free split	28.29	2	1
Aarna Bhatt	Braintree	50 back split	36.27	3
Eliana Skolnick	Braintree	50 breast split	37.06	3
Elizabeth Ivanova	Braintree	50 fly split	32.09	3
Carrie Zhang	Braintree	50 free split	32.29	3
Audrey Shi	Braintree	50 back split	34.26
Aida Huffenus	Braintree	50 breast split	41.90
Emma Manning	Braintree	50 fly split	32.75
Grace Flanagan	Braintree	50 free split	30.60
Chloe Afzali	Braintree	200 free	147.05	4	2	32.97/37.26/38.94/38.28
Genevieve Smith	Braintree	200 free	144.10	2	4	31.66/37.50/37.48/35.25
Natalie Guarrera	Braintree	200 free	136.94	1	6	     /66.79/     /70.03
Madeline Weirup	Braintree	200 free	156.59			39.92/39.54/40.69/36.78
Emma Cheung	Braintree	200 medley	148.98	1	6	30.46/39.10/43.94/35.15
Madeleine Rowe	Braintree	200 medley	150.82	2	4	31.75/41.57/42.40/39.43
Carrie Zhang	Braintree	200 medley	163.04	3	3	39.56/42.07/46.97/39.42
Maya Porter	Braintree	200 medley	162.82			36.07/43.17/44.97/38.19
Samantha Zeylikman	Braintree	200 medley	163.39			35.30/46.14/45.50/36.36
Audrey Shi	Braintree	200 medley	161.98			34.44/40.11/49.96/37.21
Eliana Skolnick	Braintree	200 medley	166.95			35.52/42.00/51.22/37.97
Aida Huffenus	Braintree	200 medley	190.27			40.89/51.65/52.68/44.57
Elizabeth Ivanova	Braintree	200 medley	169.33			34.91/39.81/52.50/41.88
Aarna Bhatt	Braintree	200 medley	169.21			35.22/41.97/53.18/38.50
Sophia Belenkiy	Braintree	50 free	28.82	2	4
Lara Bobocea	Braintree	50 free	31.11	5	1
Paige Ingrando	Braintree	50 free	29.34	3	3
Emma Manning	Braintree	50 free	28.05
Grace Flanagan	Braintree	50 free	29.46
Esther Kraft	Braintree	50 free	38.77
MadhuSri Saranathan	Braintree	50 free	39.03
Bryden Tobin	Braintree	50 free	32.55
Audrey O'Brien	Braintree	50 free	32.28
Madeleine Rowe	Braintree	100 fly	68.38	1	6	32.02/36.25
Aarna Bhatt	Braintree	100 fly	79.48	3	3	35.39/43.96
Lara Bobocea	Braintree	100 fly	83.29	4	2	36.84/46.25
Genevieve Smith	Braintree	100 fly	72.42
Natalie Guarrera	Braintree	100 free	62.12			29.68/32.57
Tessa Jones	Braintree	100 free	62.84			29.67/32.75
Emmeline Fritz	Braintree	100 free	66.32			30.03/35.08
Emma Cheung	Braintree	500 free	346.91	1	6	65.97/70.89/71.29/71.35/67.72
Paige Ingrando	Braintree	500 free	373.50	2	4	69.70/75.44/75.59/76.37/75.87
Maya Porter	Braintree	500 free
Samantha Zeylikman	Braintree	500 free	405.87			77.42/83.15/84.00/83.19/77.97
Audrey Shi	Braintree	500 free	423.91			75.10/85.52/87.33/88.40/86.69
Madeleine Rowe	Braintree	50 free split	29.12	1	2
Chloe Afzali	Braintree	50 free split	30.61	1	2
Sophia Belenkiy	Braintree	50 free split	29.50	1	2
Natalie Guarrera	Braintree	50 free split	30.89	1	2
Carrie Zhang	Braintree	50 free split	UNK	2	1
Genevieve Smith	Braintree	50 free split	UNK	2	1
Emma Manning	Braintree	50 free split	28.97	2	1
Paige Ingrando	Braintree	50 free split	27.59	2	1
Bryden Tobin	Braintree	50 free split	32.39	3	0.5
Madeline Weirup	Braintree	50 free split	34.17	3	0.5
Grace Flanagan	Braintree	50 free split	30.29	3	0.5
Lara Bobocea	Braintree	50 free split	32.09	3	0.5
Aida Huffenus	Braintree	50 free split	35.21
Esther Kraft	Braintree	50 free split	38.06
MadhuSri Saranathan	Braintree	50 free split	38.28
Audrey O'Brien	Braintree	50 free split	31.34
Elizabeth Ivanova	Braintree	100 back	76.53	4	2	36.39/38.57
Tessa Jones	Braintree	100 back	75.26	2	4	36.93/38.25
Emmeline Fritz	Braintree	100 back	76.44	3	3	37.92/38.25
Eliana Skolnick	Braintree	100 breast	82.07	4	2	38.47/43.94
Chloe Afzali	Braintree	100 breast	80.99	2	4	38.20/42.65
Carrie Zhang	Braintree	100 breast	82.07	3	3	39.11/43.00
Madeline Weirup	Braintree	100 breast	92.55
Aida Huffenus	Braintree	100 breast	92.46			43.79/48.85
MadhuSri Saranathan	Braintree	100 breast	UNK
Esther Kraft	Braintree	100 breast	112.85
Audrey O'Brien	Braintree	100 breast	93.09
Sophia Belenkiy	Braintree	100 breast	83.68
Natalie Guarrera	Braintree	100 free split	60.88	1	2
Paige Ingrando	Braintree	100 free split	62.36	1	2
Chloe Afzali	Braintree	100 free split	69.78	1	2
Emma Cheung	Braintree	100 free split	59.46	1	2
Maya Porter	Braintree	100 free split	68.60	2	1
Eliana Skolnick	Braintree	100 free split	66.92	2	1
Tessa Jones	Braintree	100 free split	UNK	2	1
Genevieve Smith	Braintree	100 free split	UNK	2	1
Audrey Shi	Braintree	100 free split	68.95	3	0.5
Aarna Bhatt	Braintree	100 free split	67.72	3	0.5
Emmeline Fritz	Braintree	100 free split	69.15	3	0.5
Madeline Weirup	Braintree	100 free split	79.35	3	0.5
Elizabeth Ivanova	Braintree	100 free split	74.16
Samantha Zeylikman	Braintree	100 free split	65.71
Audrey O'Brien	Braintree	100 free split	80.69
MadhuSri Saranathan	Braintree	100 free split	82.15
Chloe Afzali	Acton-Boxborough	50 back split	30.98	2	1
Paige Ingrando	Acton-Boxborough	50 breast split	36.07	2	1
Madeleine Rowe	Acton-Boxborough	50 fly split	30.67	2	1
Sophia Belenkiy	Acton-Boxborough	50 free split	28.75	2	1
Emmeline Fritz	Acton-Boxborough	50 back split	34.93	3	0.5
Samantha Zeylikman	Acton-Boxborough	50 breast split	35.13	3	0.5
Audrey Shi	Acton-Boxborough	50 fly split	31.64	3	0.5
Tessa Jones	Acton-Boxborough	50 free split	32.15	3	0.5
Lara Bobocea	Acton-Boxborough	50 back split	37.56	5
Carrie Zhang	Acton-Boxborough	50 breast split	37.50	5
Elizabeth Ivanova	Acton-Boxborough	50 fly split	37.50	5
Aarna Bhatt	Acton-Boxborough	50 free split	37.50	5
Emma Cheung	Acton-Boxborough	200 free	127.85	2	4	29.06/32.04/33.62/32.95
Maya Porter	Acton-Boxborough	200 free	138.95	3	3	32.97/35.94/35.18/34.77
Carrie Zhang	Acton-Boxborough	200 free	142.21	4	2	XX.XX/35.51/37.63/XX.XX
Paige Ingrando	Acton-Boxborough	200 medley	152.22	2	4	33.66/38.87/43.62/36.57
Chloe Afzali	Acton-Boxborough	200 medley	157.89	3	3	36.16/37.59/45.76/38.30
Audrey Shi	Acton-Boxborough	200 medley	159.94	4	2	34.25/40.09/48.91/36.56
Emma Manning	Acton-Boxborough	50 free	28.64	2	4
Sophia Belenkiy	Acton-Boxborough	50 free	28.38	3	3
Tessa Jones	Acton-Boxborough	50 free	28.73	4	2
Madeleine Rowe	Acton-Boxborough	100 fly	67.98	1	6	31.85/35.97
Genevieve Smith	Acton-Boxborough	100 fly	72.65	5	1	32.35/40.12
Sophia Belenkiy	Acton-Boxborough	100 fly	75.35	6		35.19/40.16
Emma Cheung	Acton-Boxborough	100 free	58.61	2	4	28.03/30.39
Tessa Jones	Acton-Boxborough	100 free	63.30	3	3	30.45/37.61
Grace Flanagan	Acton-Boxborough	100 free	65.03	4	2	31.41/32.00
Madeleine Rowe	Acton-Boxborough	500 free	359.39	1	6	67/69/73.64/72.50/72.22
Paige Ingrando	Acton-Boxborough	500 free	377.00	3	3	72.20/72.02/70.89/76.36/73.82
Madeline Weirup	Acton-Boxborough	500 free	402.10	4	2	75.25/81.87/81.44/81.60/XX.XX
Tessa Jones	Acton-Boxborough	50 free split	29.11	3	0.5
Sophia Belenkiy	Acton-Boxborough	50 free split	29.29	3	0.5
Emma Manning	Acton-Boxborough	50 free split	29.25	3	0.5
Emma Cheung	Acton-Boxborough	50 free split	27.09	2	1
Maya Porter	Acton-Boxborough	50 free split	30.37	3	0.5
Grace Flanagan	Acton-Boxborough	50 free split	30.64	2	1
Genevieve Smith	Acton-Boxborough	50 free split	29.52	2	1
Samantha Zeylikman	Acton-Boxborough	50 free split	29.24	2	1
Audrey Shi	Acton-Boxborough	50 free split	30.10	5
Audrey O'Brien	Acton-Boxborough	50 free split	31.78	5
Sabine Richmond	Acton-Boxborough	50 free split	32.44	5
Aarna Bhatt	Acton-Boxborough	50 free split	29.93	5
Chloe Afzali	Acton-Boxborough	100 back	66.02	1	6	32.48/33.40
Genevieve Smith	Acton-Boxborough	100 back	75.23	3	3	36.95/37.94
Maya Porter	Acton-Boxborough	100 back	77.52	5	1
Carrie Zhang	Acton-Boxborough	100 breast	80.37	3	3	38.72/41.68
Samantha Zeylikman	Acton-Boxborough	100 breast	79.31	4	2	37.43/41.47
Eliana Skolnick	Acton-Boxborough	100 breast	82.34	5	1	38.38/43.74
Madeleine Rowe	Acton-Boxborough	100 free split	63.19	2	1
Paige Ingrando	Acton-Boxborough	100 free split	62.64	2	1
Emma Manning	Acton-Boxborough	100 free split	62.89	2	1
Emma Cheung	Acton-Boxborough	100 free split	59.90	3	0.5
Genevieve Smith	Acton-Boxborough	100 free split	67.85	3	0.5
Maya Porter	Acton-Boxborough	100 free split	65.91	2	1
Grace Flanagan	Acton-Boxborough	100 free split	66.77	3	0.5
Carrie Zhang	Acton-Boxborough	100 free split	65.70	3	0.5
Elizabeth Ivanova	Acton-Boxborough	100 free split	67.22	5
Aida Huffenus	Acton-Boxborough	100 free split	80.88	5
Eliana Skolnick	Acton-Boxborough	100 free split	65.81	5
Lara Bobocea	Acton-Boxborough	100 free split	70.28	5
Audrey O'Brien	Acton-Boxborough	50 back split	38.91
Eliana Skolnick	Acton-Boxborough	50 breast split	37.21
Madeline Weirup	Acton-Boxborough	50 fly split	41.07
Bryden Tobin	Acton-Boxborough	50 free split	31.19
MadhuSri Saranathan	Acton-Boxborough	50 back split	47.55
Aida Huffenus	Acton-Boxborough	50 breast split	39.85
Sabine Richmond	Acton-Boxborough	50 fly split	37.66
Esther Kraft	Acton-Boxborough	50 free split	36.71
Lara Bobocea	Acton-Boxborough	50 free	30.77
Emmeline Fritz	Acton-Boxborough	50 free	29.86
Eliana Skolnick	Acton-Boxborough	50 free	29.84
Madeline Weirup	Acton-Boxborough	50 free	33.97
Sabine Richmond	Acton-Boxborough	50 free	32.29
Esther Kraft	Acton-Boxborough	50 free	37.68
Aida Huffenus	Acton-Boxborough	100 free	76.73			38.25/38.72
Samantha Zeylikman	Acton-Boxborough	100 free	66.13
Elizabeth Ivanova	Acton-Boxborough	100 free	69.23			33.32/35.87
Esther Kraft	Acton-Boxborough	100 free	84.48
MadhuSri Saranathan	Acton-Boxborough	100 free	81.51
Bryden Tobin	Acton-Boxborough	100 free	69.96
Emmeline Fritz	Acton-Boxborough	100 back	75.83			36.69/38.00
Lara Bobocea	Acton-Boxborough	100 back	79.14			38.83/40.70
MadhuSri Saranathan	Acton-Boxborough	100 back	104.41			52.19/50.66
Sabine Richmond	Acton-Boxborough	100 breast	102.16			46.39/55.17
Audrey O'Brien	Acton-Boxborough	100 breast	95.79			43.23/52.30
Aarna Bhatt	Acton-Boxborough	100 breast	94.58			44.25/50.00
Chloe Afzali	Newton North	50 back split	29.64	2	1
Samantha Zeylikman	Newton North	50 breast split	39.75	2	1
Natalie Guarrera	Newton North	50 fly split	28.07	2	1
Emma Cheung	Newton North	50 free split	26.93	2	1
Maya Porter	Newton North	50 back split	34.23	4
Paige Ingrando	Newton North	50 breast split	36.83	4
Madeleine Rowe	Newton North	50 fly split	30.49	4
Sophia Belenkiy	Newton North	50 free split	28.17	4
Lara Bobocea	Newton North	50 back split	34.06	6
Eliana Skolnick	Newton North	50 breast split	37.82	6
Audrey Shi	Newton North	50 fly split	31.66	6
Grace Flanagan	Newton North	50 free split	29.64	6
Emma Cheung	Newton North	200 free	128.55	4	2	27.77/31.59/33.95/35.29
Madeleine Rowe	Newton North	200 free	131.46	5	1	29.94/33.39/34.32/33.81
Maya Porter	Newton North	200 free	137.75	6		31.93/35.84/35.15/34.83
Paige Ingrando	Newton North	200 medley	151.75	4	2	32.50/37.81/44.42/36.59
Chloe Afzali	Newton North	200 medley	152.49	5	1	33.96/36.16/46.30/36.07
Genevieve Smith	Newton North	200 medley	157.05	6		30.75/40.06/XX.XX/37.23
Emma Manning	Newton North	50 free	27.41	4	2
Sophia Belenkiy	Newton North	50 free	27.47	5	1
Tessa Jones	Newton North	50 free	28.26	6
Natalie Guarrera	Newton North	100 fly	63.14	2	4	29.83/33.31
Madeleine Rowe	Newton North	100 fly	66.91	4	2	31.18/35.73
Genevieve Smith	Newton North	100 fly	70.12	6		31.95/38.17
Tessa Jones	Newton North	100 free	62.20	3	3	29.93/32.77
Grace Flanagan	Newton North	100 free	63.70	5	1	30.41/33.29
Carrie Zhang	Newton North	100 free	63.96	6		30.37/33.59
Emma Cheung	Newton North	500 free	347.91	3	3	65.90/70.44/70.14/XX.XX/XX.XX
Maya Porter	Newton North	500 free	376.01	6		72.30/78.13/XX.XX/XX.XX/XX.XX
Paige Ingrando	Newton North	500 free	375.14	5	1	67.33/76.63/76.95/XX.XX/XX.XX
Samantha Zeylikman	Newton North	50 free split	UNK	3	0.5
Grace Flanagan	Newton North	50 free split	27.97	3	0.5
Emma Manning	Newton North	50 free split	28.21	3	0.5
Sophia Belenkiy	Newton North	50 free split	28.43	3	0.5
Tessa Jones	Newton North	50 free split	UNK	5
Genevieve Smith	Newton North	50 free split	27.93	5
Eliana Skolnick	Newton North	50 free split	29.51	5
Carrie Zhang	Newton North	50 free split	29.49	5
Audrey O'Brien	Newton North	50 free split	UNK	6
Lara Bobocea	Newton North	50 free split	31.68	6
Audrey Shi	Newton North	50 free split	30.11	6
Emmeline Fritz	Newton North	50 free split	30.05	6
Chloe Afzali	Newton North	100 back	65.57	3	3	31.52/34.05
Natalie Guarrera	Newton North	100 back	66.06	4	2	32.29/33.77
Emmeline Fritz	Newton North	100 back	74.01	6		36.91/39.98
Samantha Zeylikman	Newton North	100 breast	78.46	3	3	36.82/41.74
Carrie Zhang	Newton North	100 breast	81.78	4	2
Eliana Skolnick	Newton North	100 breast	81.20	5	1
Paige Ingrando	Newton North	100 free split	63.40	2	1
Madeleine Rowe	Newton North	100 free split	62.82	2	1
Natalie Guarrera	Newton North	100 free split	61.18	2	1
Emma Cheung	Newton North	100 free split	58.46	2	1
Genevieve Smith	Newton North	100 free split	64.74	4
Sophia Belenkiy	Newton North	100 free split	63.78	4		30.10/33.68
Emma Manning	Newton North	100 free split	63.63	4		30.09/33.54
Tessa Jones	Newton North	100 free split	63.69	4		30.44/33.25
Aarna Bhatt	Newton North	100 free split	67.76	5
Chloe Afzali	Newton North	100 free split	65.18	5
Carrie Zhang	Newton North	100 free split	64.59	5
Maya Porter	Newton North	100 free split	63.66	5
Emmeline Fritz	Newton North	50 back split	35.21
Audrey O'Brien	Newton North	50 breast split	40.24
Elizabeth Ivanova	Newton North	50 fly split	33.58
Sabine Richmond	Newton North	50 free split	31.57
MadhuSri Saranathan	Newton North	50 back split	46.82
Madeline Weirup	Newton North	50 breast split	42.58
Aida Huffenus	Newton North	50 fly split	38.56
Esther Kraft	Newton North	50 free split	35.30
Elizabeth Ivanova	Newton North	200 free	166.00			33.84/38.50/40.79/52.87
Eliana Skolnick	Newton North	200 free	139.26			31.07/35.18/37.32/35.69
Samantha Zeylikman	Newton North	200 free	141.01			31.98/36.98/37.43/34.62
Aarna Bhatt	Newton North	200 medley	167.03			33.12/42.07/52.15/39.69
Madeline Weirup	Newton North	200 medley	179.91			41.30/46.18/51.08/41.35
Lara Bobocea	Newton North	200 medley	167.52			36.27/40.37/52.83/38.05
Bryden Tobin	Newton North	50 free	32.92
Sabine Richmond	Newton North	50 free	32.60
Esther Kraft	Newton North	50 free	35.88
Elizabeth Ivanova	Newton North	100 fly	75.58			36.25/39.33
Sabine Richmond	Newton North	100 fly	93.91			40.79/53.12
Lara Bobocea	Newton North	100 fly	95.00			37.29/57.71
Audrey O'Brien	Newton North	100 free	70.62			32.77/38.27
Audrey Shi	Newton North	100 free	69.96			34.28/34.28
Emmeline Fritz	Newton North	100 free	64.29			33.83/33.83
Aida Huffenus	Newton North	100 free	73.53			35.17/38.36
MadhuSri Saranathan	Newton North	100 free	84.02			39.32/44.70
Esther Kraft	Newton North	100 free	81.72			39.29/42.43
Aarna Bhatt	Newton North	50 free split	29.25
Sabine Richmond	Newton North	50 free split	33.73
Elizabeth Ivanova	Newton North	50 free split	UNK
Bryden Tobin	Newton North	50 free split	UNK
MadhuSri Saranathan	Newton North	50 free split	37.73
Esther Kraft	Newton North	50 free split	38.44
Madeline Weirup	Newton North	50 free split	UNK
Aida Huffenus	Newton North	50 free split	UNK
Aida Huffenus	Newton North	100 breast	87.75			42.98/44.77
Madeline Weirup	Newton North	100 breast	93.92
MadhuSri Saranathan	Newton North	100 breast	117.84			55.65/62.19
Chloe Afzali	Framingham	50 back split	30.76	2	1
Samantha Zeylikman	Framingham	50 breast split	34.83	2	1
Natalie Guarrera	Framingham	50 fly split	28.97	2	1
Sophia Belenkiy	Framingham	50 free split	27.87	2	1
Maya Porter	Framingham	50 back split	35.76	3	0.5
Carrie Zhang	Framingham	50 breast split	37.52	3	0.5
Madeleine Rowe	Framingham	50 fly split	31.08	3	0.5
Emmeline Fritz	Framingham	50 free split	27.59	3	0.5
Lara Bobocea	Framingham	50 back split	36.26	5
Eliana Skolnick	Framingham	50 breast split	36.58	5
Audrey Shi	Framingham	50 fly split	31.67	5
Madeline Weirup	Framingham	50 free split	33.14	5
Sabine Richmond	Framingham	50 back split	UNK
Bryden Tobin	Framingham	50 breast split	38.23
Aida Huffenus	Framingham	50 fly split	36.85
Elizabeth Ivanova	Framingham	50 free split	28.85
Emma Cheung	Framingham	200 free	128.75	2	4	29.01/31.54/33.42/34.45
Maya Porter	Framingham	200 free	147.42	5	1	34.50/38.82/37.01/37.09
Eliana Skolnick	Framingham	200 free	141.54	4	2	31.30/35.64/37.29/37.31
Natalie Guarrera	Framingham	200 medley	149.67	2	4	30.92/36.02/46.00/36.73
Chloe Afzali	Framingham	200 medley	158.13	3	3	36.01/37.83/45.92/38.37
Carrie Zhang	Framingham	200 medley	160.26	4	2	39.77/41.05/46.06/38.88
Madeleine Rowe	Framingham	50 free	29.24	5	1
Sophia Belenkiy	Framingham	50 free	28.54	2	4
Grace Flanagan	Framingham	50 free	28.59	3	3
Genevieve Smith	Framingham	100 fly	70.83	4	2	31.93/38.90
Elizabeth Ivanova	Framingham	100 fly	75.26	5	1	34.35/40.91
Natalie Guarrera	Framingham	100 fly	63.54	2	4	29.80/33.74
Emma Cheung	Framingham	100 free	58.36	1	6	28.01/30.35
Emma Manning	Framingham	100 free	62.93	5	1	30.07/32.86
Emmeline Fritz	Framingham	100 free	61.77	4	2	29.39/32.38
Madeleine Rowe	Framingham	500 free	350.76	2	4
Maya Porter	Framingham	500 free	388.76	3	3
Madeline Weirup	Framingham	500 free	391.82	4	2	73.39/80.39/80.03/79.90/77.82
Grace Flanagan	Framingham	50 free split	29.33	1	2
Samantha Zeylikman	Framingham	50 free split	29.99	1	2
Emma Manning	Framingham	50 free split	UNK	1	2
Emma Cheung	Framingham	50 free split	26.91	1	2
Aarna Bhatt	Framingham	50 free split	30.15	3	0.5
Genevieve Smith	Framingham	50 free split	30.01	3	0.5
Eliana Skolnick	Framingham	50 free split	28.96	3	0.5
Emmeline Fritz	Framingham	50 free split	28.52	3	0.5
Audrey O'Brien	Framingham	50 free split	31.59	4
Lara Bobocea	Framingham	50 free split	32.76	4
Aida Huffenus	Framingham	50 free split	UNK	4
Madeline Weirup	Framingham	50 free split	UNK	4
Bryden Tobin	Framingham	50 free split	UNK
MadhuSri Saranathan	Framingham	50 free split	UNK
Esther Kraft	Framingham	50 free split	UNK
Elizabeth Ivanova	Framingham	50 free split	UNK
Audrey Shi	Framingham	100 back	71.93	5	1	39.06/37.27
Chloe Afzali	Framingham	100 back	66.10	2	4	32.26/33.04
Genevieve Smith	Framingham	100 back	75.19	6		36.63/38.56
Samantha Zeylikman	Framingham	100 breast	79.16	2	4	38.19/41.02
Eliana Skolnick	Framingham	100 breast	80.59	3	3	38.47/42.12
Carrie Zhang	Framingham	100 breast	81.05	4	2	38.03/41.75
Grace Flanagan	Framingham	100 free split	65.02	2	1
Madeleine Rowe	Framingham	100 free split	62.29	2	1
Natalie Guarrera	Framingham	100 free split	59.53	2	1
Emma Cheung	Framingham	100 free split	59.72	2	1
Maya Porter	Framingham	100 free split	UNK	4
Genevieve Smith	Framingham	100 free split	UNK	5
Sophia Belenkiy	Framingham	100 free split	UNK	4
Emma Manning	Framingham	100 free split	UNK	4
Emmeline Fritz	Framingham	100 free split	UNK	5
Aarna Bhatt	Framingham	100 free split	UNK	5
Chloe Afzali	Framingham	100 free split	UNK	4
Carrie Zhang	Framingham	100 free split	UNK	5
Esther Kraft	Framingham	100 free split	UNK
Audrey O'Brien	Framingham	100 free split	UNK
Sabine Richmond	Framingham	100 free split	UNK
MadhuSri Saranathan	Framingham	100 free split	UNK
Bryden Tobin	Framingham	50 free	31.70
Audrey O'Brien	Framingham	50 free	31.37
Aida Huffenus	Framingham	50 free	33.03
Esther Kraft	Framingham	50 free	37.24
Audrey Shi	Framingham	100 free	66.06			XX.XX/34.75
Sophia Belenkiy	Framingham	100 breast	80.77			38.03/41.75
Aarna Bhatt	Framingham	100 free	65.50			30.45/35.05
Sabine Richmond	Framingham	100 free	75.94			36.81/39.13
Aarna Bhatt	Framingham	100 back	79.68
Audrey O'Brien	Framingham	100 back	83.65
Sabine Richmond	Framingham	100 back	98.81
MadhuSri Saranathan	Framingham	100 back	102.48
Esther Kraft	Framingham	100 back	109.57
Lara Bobocea	Framingham	100 back	UNK
Madeline Weirup	Framingham	100 breast	95.33
Elizabeth Ivanova	Framingham	100 breast	90.11
Lara Bobocea	Framingham	100 breast	87.86
Aida Huffenus	Framingham	100 breast	88.85
MadhuSri Saranathan	Framingham	100 breast	116.79
Chloe Afzali	Brookline	50 back split	30.48	2	1
Paige Ingrando	Brookline	50 breast split	36.91	2	1
Madeleine Rowe	Brookline	50 fly split	31.59	2	1
Emma Manning	Brookline	50 free split	28.03	2	1
Audrey Shi	Brookline	50 back split	33.95	4
Samantha Zeylikman	Brookline	50 breast split	35.65	4
Genevieve Smith	Brookline	50 fly split	31.73	4
Eliana Skolnick	Brookline	50 free split	29.22	4
Madeline Weirup	Brookline	50 back split	41.16	6
Elizabeth Ivanova	Brookline	50 breast split	40.83	6
Lara Bobocea	Brookline	50 fly split	35.17	6
Audrey O'Brien	Brookline	50 free split	31.09	6
Emma Cheung	Brookline	200 free	128.57	3	3	29.15/XX.XX/XX.XX/33.68
Madeleine Rowe	Brookline	200 free	135.43	4	2	30.35/33.97/35.44/35.67
Maya Porter	Brookline	200 free	137.99	5	1	33.53/36.71/35.10/32.65
Paige Ingrando	Brookline	200 medley	152.37	4	2	34.17/38.11/44.03/36.06
Chloe Afzali	Brookline	200 medley	153.66	5	1	35.03/36.63/46.11/35.89
Genevieve Smith	Brookline	200 medley	160.45	6		34.09/40.96/49.24/36.16
Grace Flanagan	Brookline	50 free	28.66	4	2
Sophia Belenkiy	Brookline	50 free	29.01	5	1
Emmeline Fritz	Brookline	50 free	29.92	6
Natalie Guarrera	Brookline	100 fly	63.51	2	4	29.90/33.61
Genevieve Smith	Brookline	100 fly	70.76	5	1	32.93/37.83
Audrey Shi	Brookline	100 fly	71.51	6		34.18/37.33
Emma Cheung	Brookline	100 free	59.02	2	4	28.56/30.46
Emma Manning	Brookline	100 free	63.28			30.69/33.59
Emmeline Fritz	Brookline	100 free	65.98			31.37/34.61
Madeleine Rowe	Brookline	500 free	357.43	1	6	67.56/73.22/73.22/72.82/70.60
Maya Porter	Brookline	500 free	384.34	3	3	74.28/80.59/79.00/78.03/72.47
Eliana Skolnick	Brookline	500 free	375.19	6		71.79/76.06/75.68/76.41/75.03
Natalie Guarrera	Brookline	50 free split	27.98	2	0.5
Emma Manning	Brookline	50 free split	28.15	2	0.5
Sophia Belenkiy	Brookline	50 free split	28.15	2	0.5
Emma Cheung	Brookline	50 free split	27.74	2	0.5
Grace Flanagan	Brookline	50 free split	30.40	4
Carrie Zhang	Brookline	50 free split	29.26	4
Madeleine Rowe	Brookline	50 free split	29.02	4
Genevieve Smith	Brookline	50 free split	29.14	4
Esther Kraft	Brookline	50 free split	37.62	6
Audrey O'Brien	Brookline	50 free split	30.77	6
Bryden Tobin	Brookline	50 free split	31.23	6
Lara Bobocea	Brookline	50 free split	30.21	6
Chloe Afzali	Brookline	100 back	65.87	2	4	32.60/33.27
Natalie Guarrera	Brookline	100 back	67.90	4	2	33.32/34.58
Audrey Shi	Brookline	100 back	71.95	6		34.61/37.34
Paige Ingrando	Brookline	100 breast	78.43	1	6	37.10/41.33
Samantha Zeylikman	Brookline	100 breast	78.63	2	4	37.49/41.14
Carrie Zhang	Brookline	100 breast	81.25	3	3	39.73/41.52
Paige Ingrando	Brookline	100 free split	63.63	3	0.5
Emmeline Fritz	Brookline	100 free split	63.37	3	0.5
Emma Cheung	Brookline	100 free split	60.39	3	0.5
Natalie Guarrera	Brookline	100 free split	62.78	3	0.5
Grace Flanagan	Brookline	100 free split	69.40	4
Eliana Skolnick	Brookline	100 free split	64.88	4
Sophia Belenkiy	Brookline	100 free split	65.16	4
Carrie Zhang	Brookline	100 free split	66.35	4
Sabine Richmond	Brookline	100 free split	73.42	6
Aarna Bhatt	Brookline	100 free split	66.25	6
Bryden Tobin	Brookline	100 free split	70.16	6
Madeline Weirup	Brookline	100 free split	74.94	6
Aarna Bhatt	Brookline	200 free	145.22			31.65/35.89/38.16/39.52
Sabine Richmond	Brookline	200 free	161.93			34.99/41.23/43.79/41.92
Madeline Weirup	Brookline	200 free	160.51			35.86/40.77/41.97/41.91
MadhuSri Saranathan	Brookline	50 free	38.01
Esther Kraft	Brookline	50 free	36.06
Bryden Tobin	Brookline	50 free	31.30
Samantha Zeylikman	Brookline	100 fly	76.92			36.95/39.97
Carrie Zhang	Brookline	100 fly	77.36			35.49/41.87
Elizabeth Ivanova	Brookline	100 fly	77.50			34.61/42.89
Lara Bobocea	Brookline	100 free	66.74			31.80/34.94
MadhuSri Saranathan	Brookline	100 free	83.27			XX.XX/XX.XX
Aida Huffenus	Brookline	100 free	73.80			35.55/38.25
Elizabeth Ivanova	Brookline	100 breast	91.00			44.25/46.75
Audrey O'Brien	Brookline	100 breast	92.26			43.50/48.76
Aida Huffenus	Brookline	100 breast	88.67			44.14/44.53
Chloe Afzali	Walpole	50 back split	30.78	1	2
Paige Ingrando	Walpole	50 breast split	36.92	1	2
Natalie Guarrera	Walpole	50 fly split	30.19	1	2
Emma Cheung	Walpole	50 free split	27.24	1	2
Audrey Shi	Walpole	50 back split	33.73	2	1
Madeleine Rowe	Walpole	50 breast split	38.93	2	1
Genevieve Smith	Walpole	50 fly split	UNK	2	1
Sophia Belenkiy	Walpole	50 free split	UNK	2	1
Maya Porter	Walpole	50 back split	33.63	3	0.5
Samantha Zeylikman	Walpole	50 breast split	35.55	3	0.5
Elizabeth Ivanova	Walpole	50 fly split	32.12	3	0.5
Audrey O'Brien	Walpole	50 free split	30.26	3	0.5
Eliana Skolnick	Walpole	200 free	137.54	1	6	30.41/33.95/36.13/37.05
Aarna Bhatt	Walpole	200 free	147.16	3	3	31.09/35.93/39.86/40.28
Carrie Zhang	Walpole	200 free	141.68	2	4	31.28/34.47/37.73/38.20
Madeleine Rowe	Walpole	200 medley	149.43	1	6	31.59/40.43/43.10/34.31
Paige Ingrando	Walpole	200 medley	155.61	3	3	36.01/38.09/44.43/37.08
Emma Cheung	Walpole	200 medley	146.68	2	4	31.70/39.10/42.61/33.27
Natalie Guarrera	Walpole	50 free	28.12	1	6
Tessa Jones	Walpole	50 free	28.87	2	4
Grace Flanagan	Walpole	50 free	28.97	3	3
Genevieve Smith	Walpole	100 fly	70.54	3	3	32.34/38.20
Natalie Guarrera	Walpole	100 fly	65.88	1	6	30.44/35.44
Audrey Shi	Walpole	100 fly	72.05	4	2	34.16/37.87
Paige Ingrando	Walpole	100 free	63.10	2	3.5	30.43/32.77
Tessa Jones	Walpole	100 free	62.82	1	6	30.36/32.46
Madeleine Rowe	Walpole	100 free	63.10	2	3.5	30.42/32.68
Eliana Skolnick	Walpole	500 free	373.98	1	6	69.63/75.60/76.93/77.25/74.47
Madeline Weirup	Walpole	500 free	396.30	3	3
MadhuSri Saranathan	Walpole	500 free	442.80	4	2
Tessa Jones	Walpole	50 free split	29.92	1	2
Madeleine Rowe	Walpole	50 free split	29.28	1	2
Emma Manning	Walpole	50 free split	28.77	1	2
Emma Cheung	Walpole	50 free split	27.00	1	2
Grace Flanagan	Walpole	50 free split	31.09	2	1
Chloe Afzali	Walpole	50 free split	29.90	2	1
Genevieve Smith	Walpole	50 free split	UNK	2	1
Sophia Belenkiy	Walpole	50 free split	UNK	2	1
Aarna Bhatt	Walpole	50 free split	30.42	3	0.5
Audrey O'Brien	Walpole	50 free split	31.49	3	0.5
Bryden Tobin	Walpole	50 free split	30.57	3	0.5
Lara Bobocea	Walpole	50 free split	30.20	3	0.5
Emma Manning	Walpole	100 back	78.90	4	2	38.23/40.67
Audrey Shi	Walpole	100 back	71.95	1	6	34.95/37.00
Elizabeth Ivanova	Walpole	100 back	74.05	2	4	35.35/38.70
Maya Porter	Walpole	100 breast	78.32	1	6	36.66/41.66
Chloe Afzali	Walpole	100 breast	79.67	2	4	38.15/41.47
Sophia Belenkiy	Walpole	100 breast	83.78	3	3	38.83/44.95
Paige Ingrando	Walpole	100 free split	62.56	1	2
Tessa Jones	Walpole	100 free split	63.94	1	2
Emma Manning	Walpole	100 free split	67.46	1	2
Natalie Guarrera	Walpole	100 free split	63.04	1	2
Grace Flanagan	Walpole	100 free split	UNK	2	1
Eliana Skolnick	Walpole	100 free split	UNK	2	1
Carrie Zhang	Walpole	100 free split	UNK	2	1
Maya Porter	Walpole	100 free split	UNK	2	1
Audrey Shi	Walpole	100 free split	UNK	3	0.5
Sabine Richmond	Walpole	100 free split	UNK	3	0.5
Bryden Tobin	Walpole	100 free split	UNK	3	0.5
Elizabeth Ivanova	Walpole	100 free split	UNK	3	0.5
Sabine Richmond	Walpole	200 free	155.81			33.98/39.27/XX.XX/XX.XX
Chloe Afzali	Walpole	200 free	144.54			32.16/36.33/38.36/37.68
Samantha Zeylikman	Walpole	200 free	142.65			33.10/36.58/37.53/35.44
Lara Bobocea	Walpole	200 medley	162.48			34.61/40.51/50.02/37.34
Sophia Belenkiy	Walpole	200 medley	159.42			33.16/41.23/46.91/36.12
Madeline Weirup	Walpole	200 medley	178.55			40.93/44.90/51.57/41.06
Genevieve Smith	Walpole	50 free	28.64
Maya Porter	Walpole	50 free	28.04
MadhuSri Saranathan	Walpole	50 free	35.67
Aarna Bhatt	Walpole	100 free	65.16			30.41/34.75
Lara Bobocea	Walpole	100 free	65.84			31.60/34.24
Sabine Richmond	Walpole	100 free	72.67			34.06/36.61
Aida Huffenus	Walpole	100 free	71.70			34.95/36.75
Esther Kraft	Walpole	100 free	83.68			38.64/45.04
Audrey O'Brien	Walpole	100 free	73.80			33.40/40.40
Carrie Zhang	Walpole	100 breast	80.29			37.97/42.32
Emma Cheung	Walpole	100 breast	78.67			37.73/40.94
Samantha Zeylikman	Walpole	100 breast	78.30			37.09/41.21
Audrey O'Brien	Walpole	100 breast	89.49			42.47/47.14
Aida Huffenus	Walpole	100 breast	88.05			47.41/45.64
Esther Kraft	Walpole	100 breast	117.32			54.46/62.80
Chloe Afzali	Natick	50 back split	30.60	2	1
Samantha Zeylikman	Natick	50 breast split	35.88	2	1
Natalie Guarrera	Natick	50 fly split	29.79	2	1
Sophia Belenkiy	Natick	50 free split	28.32	2	1
Audrey Shi	Natick	50 back split	33.47	3	0.5
Maya Porter	Natick	50 breast split	36.54	3	0.5
Madeleine Rowe	Natick	50 fly split	36.63	3	0.5
Grace Flanagan	Natick	50 free split	29.11	3	0.5
Elizabeth Ivanova	Natick	50 back split	34.61	4
Carrie Zhang	Natick	50 breast split	37.88	4
Genevieve Smith	Natick	50 fly split	36.31	4
Aarna Bhatt	Natick	50 free split	29.32	4
Emma Cheung	Natick	200 free	126.52	1	6	29.50/32.28/31.55/32.10
Madeleine Rowe	Natick	200 free	136.50	3	3	31.28/34.32/35.82/35.08
Eliana Skolnick	Natick	200 free	136.84	4	2	31.28/34.75/35.82/34.99
Natalie Guarrera	Natick	200 medley	146.81	1	6	30.81/36.15/44.33/35.52
Chloe Afzali	Natick	200 medley	155.22	3	3	36.27/36.94/45.24/36.77
Sophia Belenkiy	Natick	200 medley	161.43	5	1	33.45/40.08/48.56/39.34
Maya Porter	Natick	50 free	27.82	3	3
Emma Manning	Natick	50 free	28.67	4	2
Tessa Jones	Natick	50 free	28.75	5	1
Natalie Guarrera	Natick	100 fly	64.50	2	4	30.26/34.24
Genevieve Smith	Natick	100 fly	70.68	5	1	33.74/36.94
Audrey Shi	Natick	100 fly	72.70	6		33.83/38.87
Emma Cheung	Natick	100 free	59.15	1	6	27.72/30.93
Tessa Jones	Natick	100 free	62.23	3	3	29.99/32.29
Emmeline Fritz	Natick	100 free	62.77	4	2	30.26/32.51
Madeleine Rowe	Natick	500 free	352.20	2	4	64.82/70.78/72.22/72.40/71.89
Eliana Skolnick	Natick	500 free	371.81	4	2	XX.XX/XX.XX/XX.XX/XX.XX/XX.XX
Paige Ingrando	Natick	500 free	370.51	3	3	XX.XX/XX.XX/XX.XX/XX.XX/XX.XX
Tessa Jones	Natick	50 free split	28.00	2	1
Sophia Belenkiy	Natick	50 free split	29.38	2	1
Emma Manning	Natick	50 free split	UNK	2	1
Emma Cheung	Natick	50 free split	27.62	2	1
Maya Porter	Natick	50 free split	28.00	3	0.5
Carrie Zhang	Natick	50 free split	29.27	3	0.5
Genevieve Smith	Natick	50 free split	28.89	3	0.5
Emmeline Fritz	Natick	50 free split	28.90	3	0.5
Grace Flanagan	Natick	50 free split	28.00	4
Audrey O'Brien	Natick	50 free split	31.33	4
Lara Bobocea	Natick	50 free split	29.78	4
Aarna Bhatt	Natick	50 free split	29.73	4
Chloe Afzali	Natick	100 back	66.10	2	4	32.06/33.90
Audrey Shi	Natick	100 back	72.16	3	3	34.79/37.37
Elizabeth Ivanova	Natick	100 back	72.84	4	2	35.42/37.42
Maya Porter	Natick	100 breast	77.26	2	4	36.60/40.66
Samantha Zeylikman	Natick	100 breast	77.12	1	6	36.83/40.29
Paige Ingrando	Natick	100 breast	78.02	3	3	36.92/41.10
Emma Cheung	Natick	100 free split	58.63	2	1
Emma Manning	Natick	100 free split	63.02	2	1
Natalie Guarrera	Natick	100 free split	59.68	2	1
Paige Ingrando	Natick	100 free split	61.68	2	1
Tessa Jones	Natick	100 free split	65.05	3	0.5
Eliana Skolnick	Natick	100 free split	63.24	3	0.5
Emmeline Fritz	Natick	100 free split	65.61	3	0.5
Madeleine Rowe	Natick	100 free split	63.86	3	0.5
Elizabeth Ivanova	Natick	100 free split	71.52	4
Chloe Afzali	Natick	100 free split	66.28	4
Audrey Shi	Natick	100 free split	67.22	4
Samantha Zeylikman	Natick	100 free split	64.50	4
Lara Bobocea	Natick	50 back split	35.11
Bryden Tobin	Natick	50 breast split	41.92
Audrey O'Brien	Natick	50 fly split	36.11
Aida Huffenus	Natick	50 free split	34.65
MadhuSri Saranathan	Natick	50 back split	40.21
Madeline Weirup	Natick	50 breast split	43.19
Sabine Richmond	Natick	50 fly split	39.41
Esther Kraft	Natick	50 free split	35.53
Samantha Zeylikman	Natick	200 free	138.64			31.20/35.62/36.48/34.44
Carrie Zhang	Natick	200 free	138.48			31.57/34.50/36.24/36.17
Emmeline Fritz	Natick	200 free	142.65			31.22/36.31/37.74/37.38
Lara Bobocea	Natick	200 medley	162.72			34.77/40.91/48.49/38.15
Aida Huffenus	Natick	200 medley	186.44			41.61/49.83/49.78/45.46
Audrey O'Brien	Natick	200 medley	181.47			39.29/43.02/52.97/44.84
Genevieve Smith	Natick	50 free	31.16
Grace Flanagan	Natick	50 free	27.81
Bryden Tobin	Natick	50 free	38.89
Aarna Bhatt	Natick	100 free	64.84			30.13/34.71
Sabine Richmond	Natick	100 free	71.25			33.76/37.49
Madeline Weirup	Natick	100 free	70.89			33.81/37.08
Aida Huffenus	Natick	100 free	73.83			37.84/36.99
MadhuSri Saranathan	Natick	100 free	78.60			37.85/40.75
Esther Kraft	Natick	100 free	87.09			40.59/46.50
Aarna Bhatt	Natick	100 back	77.51			37.41/40.10
Lara Bobocea	Natick	100 back	79.69			38.54/41.15
Madeline Weirup	Natick	100 back	82.65			40.02/42.63
Carrie Zhang	Natick	100 breast	80.67			38.29/42.38
Sophia Belenkiy	Natick	100 breast	83.48			39.34/44.09
Bryden Tobin	Natick	100 breast	92.72			43.79/48.94
Chloe Afzali	Weymouth	50 back split	30.94	1	2
Maya Porter	Weymouth	50 breast split	35.09	1	2
Natalie Guarrera	Weymouth	50 fly split	28.79	1	2
Emma Cheung	Weymouth	50 free split	26.96	1	2
Genevieve Smith	Weymouth	50 back split	34.23	2	1
Samantha Zeylikman	Weymouth	50 breast split	36.24	2	1
Madeleine Rowe	Weymouth	50 fly split	31.08	2	1
Sophia Belenkiy	Weymouth	50 free split	28.65	2	1
Audrey Shi	Weymouth	50 back split	33.69	4
Eliana Skolnick	Weymouth	50 breast split	36.37	4
Elizabeth Ivanova	Weymouth	50 fly split	32.06	4
Emmeline Fritz	Weymouth	50 free split	29.84	4
Eliana Skolnick	Weymouth	200 free	135.86	1	6	30.78/33.86/35.57/35.63
Samantha Zeylikman	Weymouth	200 free	140.87	2	4	33.84/36.19/36.31/35.13
Carrie Zhang	Weymouth	200 free	142.10	3	3	31.46/35.13/37.35/38.16
Madeleine Rowe	Weymouth	200 medley	150.14	2	4	31.03/40.76/43.82/34.45
Paige Ingrando	Weymouth	200 medley	153.92	4	2	34.15/38.50/45.99/35.28
Emma Cheung	Weymouth	200 medley	147.25	1	6	31.12/38.64/43.08/33.98
Maya Porter	Weymouth	50 free	28.65	3	3
Genevieve Smith	Weymouth	50 free	29.07	4	2
Grace Flanagan	Weymouth	50 free	28.45	2	4
Madeleine Rowe	Weymouth	100 fly	68.23	2	4	32.25/35.98
Genevieve Smith	Weymouth	100 fly	70.37	3	3	33.11/37.26
Audrey Shi	Weymouth	100 fly	72.94	4	2	34.17/38.77
Natalie Guarrera	Weymouth	100 free	60.94	2	4	29.25/31.69
Tessa Jones	Weymouth	100 free	62.09	3	3	30.25/31.84
Emmeline Fritz	Weymouth	100 free	64.76	4	2	31.02/33.79
Emma Cheung	Weymouth	500 free	350.28	1	6	65.87/70.19/72.39/71.57/70.35
Madeline Weirup	Weymouth	500 free	402.32	3	3	75.38/XX.XX/XX.XX/XX.XX/XX.XX
MadhuSri Saranathan	Weymouth	500 free	445.66	5	1	84.72/XX.XX/91.16/XX.XX/XX.XX
Genevieve Smith	Weymouth	50 free split	28.65	1	2
Emma Manning	Weymouth	50 free split	30.35	1	2
Sophia Belenkiy	Weymouth	50 free split	28.78	1	2
Tessa Jones	Weymouth	50 free split	28.82	1	2
Maya Porter	Weymouth	50 free split	29.99	2	1
Chloe Afzali	Weymouth	50 free split	29.45	2	1
Carrie Zhang	Weymouth	50 free split	29.35	2	1
Paige Ingrando	Weymouth	50 free split	28.77	2	1
Grace Flanagan	Weymouth	50 free split	28.75	4
Audrey O'Brien	Weymouth	50 free split	32.36	4
Esther Kraft	Weymouth	50 free split	39.12	4
Bryden Tobin	Weymouth	50 free split	31.30	4
Natalie Guarrera	Weymouth	100 back	67.64	1	6	33.44/34.20
Audrey Shi	Weymouth	100 back	72.40	3	3	35.27/37.13
Elizabeth Ivanova	Weymouth	100 back	72.00	2	4	35.19/36.81
Samantha Zeylikman	Weymouth	100 breast	77.63	1	6	36.92/40.71
Maya Porter	Weymouth	100 breast	78.90	3	3	37.38/41.42
Paige Ingrando	Weymouth	100 breast	78.21	2	4	36.75/41.46
Paige Ingrando	Weymouth	100 free split	63.72	1	2
Madeleine Rowe	Weymouth	100 free split	62.75	1	2
Emma Cheung	Weymouth	100 free split	60.69	1	2
Natalie Guarrera	Weymouth	100 free split	62.09	1	2
Tessa Jones	Weymouth	100 free split	64.11	3	0.5
Emmeline Fritz	Weymouth	100 free split	UNK	3	0.5
Audrey Shi	Weymouth	100 free split	UNK	3	0.5
Emma Manning	Weymouth	100 free split	UNK	3	0.5
Samantha Zeylikman	Weymouth	100 free split	66.46	4
Elizabeth Ivanova	Weymouth	100 free split	71.36	4
Lara Bobocea	Weymouth	100 free split	66.22	4
Grace Flanagan	Weymouth	100 free split	65.85	4
Madeline Weirup	Weymouth	50 back split	39.80
Carrie Zhang	Weymouth	50 breast split	36.62
Lara Bobocea	Weymouth	50 fly split	34.28
Audrey O'Brien	Weymouth	50 free split	30.50
MadhuSri Saranathan	Weymouth	50 back split	44.58
Sabine Richmond	Weymouth	50 breast split	UNK
Aida Huffenus	Weymouth	50 fly split	UNK
Esther Kraft	Weymouth	50 free split	37.79
Chloe Afzali	Weymouth	200 free	142.76			31.72/36.25/37.68/37.11
MadhuSri Saranathan	Weymouth	200 free	170.22			40.17/43.78/44.86/41.41
Esther Kraft	Weymouth	200 free	196.16			40.97/51.06/52.67/51.11
Madeline Weirup	Weymouth	200 medley	180.45			41.52/46.14/51.74/41.07
Sabine Richmond	Weymouth	200 medley	195.98			41.87/49.82/56.86/47.43
Audrey O'Brien	Weymouth	200 medley	178.90			38.87/35.41/50.84/43.69
Tessa Jones	Weymouth	50 free	28.66
Eliana Skolnick	Weymouth	50 free	29.85
Sophia Belenkiy	Weymouth	50 free	28.80
Bryden Tobin	Weymouth	50 free	31.38
Aida Huffenus	Weymouth	50 free	32.92
Elizabeth Ivanova	Weymouth	100 fly	73.85			33.86/39.99
Lara Bobocea	Weymouth	100 fly	77.00			35.93/41.07
Audrey O'Brien	Weymouth	100 fly	96.57			40.52/56.05
Sophia Belenkiy	Weymouth	100 free	63.57			29.96/33.61
Emma Manning	Weymouth	100 free	64.16			30.67/33.49
Esther Kraft	Weymouth	100 free	91.20			41.89/49.31
Emmeline Fritz	Weymouth	100 back	73.13			36.11/37.02
Lara Bobocea	Weymouth	100 back	76.07			37.15/38.92
Sabine Richmond	Weymouth	100 back	95.43			46.11/49.32
Chloe Afzali	Weymouth	100 breast	78.67			37.64/41.03
Carrie Zhang	Weymouth	100 breast	79.52			37.79/41.78
Aida Huffenus	Weymouth	100 breast	89.73			42.48/47.25
Chloe Afzali	Wellesley	50 back split	30.49	1	2
Maya Porter	Wellesley	50 breast split	33.79	1	2
Natalie Guarrera	Wellesley	50 fly split	28.67	1	2
Emma Cheung	Wellesley	50 free split	26.90	1	2
Audrey Shi	Wellesley	50 back split	UNK	5
Samantha Zeylikman	Wellesley	50 breast split	UNK	5
Madeleine Rowe	Wellesley	50 fly split	UNK	5
Sophia Belenkiy	Wellesley	50 free split	UNK	5
Elizabeth Ivanova	Wellesley	50 back split	33.39	3	0.5
Paige Ingrando	Wellesley	50 breast split	34.61	3	0.5
Genevieve Smith	Wellesley	50 fly split	29.49	3	0.5
Grace Flanagan	Wellesley	50 free split	28.69	3	0.5
Audrey O'Brien	Wellesley	50 back split	37.91
Carrie Zhang	Wellesley	50 breast split	37.37
Lara Bobocea	Wellesley	50 fly split	35.54
Bryden Tobin	Wellesley	50 free split	31.89
Madeline Weirup	Wellesley	50 back split	39.53
Aida Huffenus	Wellesley	50 breast split	39.65
Sabine Richmond	Wellesley	50 fly split	42.80
Esther Kraft	Wellesley	50 free split	34.07
Emma Cheung	Wellesley	200 free	129.37	2	4	30.36/32.81/33.18/33.02
Eliana Skolnick	Wellesley	200 free	131.63	4	2	30.19/29.17/     /72.27
Samantha Zeylikman	Wellesley	200 free	137.24	6		31.80/34.71/35.71/35.02
Aarna Bhatt	Wellesley	200 free	148.08			31.88/37.09/40.10/39.01
Madeline Weirup	Wellesley	200 free	154.28			34.38/39.25/40.45/40.20
Madeleine Rowe	Wellesley	200 medley	147.46	2	4	31.43/39.17/42.92/33.94
Paige Ingrando	Wellesley	200 medley	152.34	5	1
Chloe Afzali	Wellesley	200 medley	156.49	6		35.23/37.18/47.51/36.57
Genevieve Smith	Wellesley	200 medley	152.72			31.11/39.22/46.42/35.97
Lara Bobocea	Wellesley	200 medley	165.60			35.97/41.64/50.49/37.50
Emma Manning	Wellesley	50 free	27.55	2	4
Sophia Belenkiy	Wellesley	50 free	28.02	6
Grace Flanagan	Wellesley	50 free	27.38
Maya Porter	Wellesley	50 free	27.64	4	2
Tessa Jones	Wellesley	50 free	27.44
Natalie Guarrera	Wellesley	100 fly	64.77	1	6	30.07/34.70
Genevieve Smith	Wellesley	100 fly	66.85	3	3	30.92/35.93
Audrey Shi	Wellesley	100 fly	73.59	5	1	33.91/39.68
Elizabeth Ivanova	Wellesley	100 fly	77.62			33.94/43.68
Lara Bobocea	Wellesley	100 fly	77.32			35.95/41.37
Emma Cheung	Wellesley	100 free	59.67	2	4	28.64/31.03
Tessa Jones	Wellesley	100 free	59.91	3	3	28.87/31.04
Carrie Zhang	Wellesley	100 free	63.22	6		30.15/33.07
Emmeline Fritz	Wellesley	100 free	63.24			30.27/32.97
Aarna Bhatt	Wellesley	100 free	66.80			30.63/36.17
Madeleine Rowe	Wellesley	500 free	346.68	2	4	65.52/70.37/70.58/     /140.21
Eliana Skolnick	Wellesley	500 free	364.03	5	1
Madeline Weirup	Wellesley	500 free	400.38	6		74.23/81.60/81.68/82.79/80.08
Natalie Guarrera	Wellesley	50 free split	27.90	2	1
Emma Manning	Wellesley	50 free split	27.56	2	1
Maya Porter	Wellesley	50 free split	28.04	2	1
Emma Cheung	Wellesley	50 free split	27.24	2	1
Grace Flanagan	Wellesley	50 free split	UNK	3	0.5
Emmeline Fritz	Wellesley	50 free split	UNK	3	0.5
Tessa Jones	Wellesley	50 free split	UNK	3	0.5
Sophia Belenkiy	Wellesley	50 free split	UNK	3	0.5
Genevieve Smith	Wellesley	50 free split	28.23	5
Elizabeth Ivanova	Wellesley	50 free split	29.92	5
Aarna Bhatt	Wellesley	50 free split	31.16	5
Samantha Zeylikman	Wellesley	50 free split	28.14	5
Lara Bobocea	Wellesley	50 free split	UNK
Audrey O'Brien	Wellesley	50 free split	UNK
Bryden Tobin	Wellesley	50 free split	UNK
Eliana Skolnick	Wellesley	50 free split	UNK
Sabine Richmond	Wellesley	50 free split	UNK
Aida Huffenus	Wellesley	50 free split	UNK
Esther Kraft	Wellesley	50 free split	UNK
Madeline Weirup	Wellesley	50 free split	UNK
Chloe Afzali	Wellesley	100 back	64.90	1	6	31.70/33.20
Natalie Guarrera	Wellesley	100 back	67.50	3	3	33.69/33.81
Audrey Shi	Wellesley	100 back	71.47	6		34.46/36.33
Elizabeth Ivanova	Wellesley	100 back	74.97
Samantha Zeylikman	Wellesley	100 breast	77.45	3	3	37.55/39.90
Maya Porter	Wellesley	100 breast	76.91	2	4	36.40/40.51
Paige Ingrando	Wellesley	100 breast	74.90	1	6	35.00/39.90
Carrie Zhang	Wellesley	100 breast	80.71			38.97/41.74
Aida Huffenus	Wellesley	100 breast	86.71			41.41/45.30
Tessa Jones	Wellesley	100 free split	60.09	2	1	29.36/30.73
Emma Manning	Wellesley	100 free split	62.27	2	1	29.40/32.87
Paige Ingrando	Wellesley	100 free split	61.56	2	1	28.76/32.80
Madeleine Rowe	Wellesley	100 free split	61.63	2	1	29.82/31.81
Sophia Belenkiy	Wellesley	100 free split	UNK	3	0.5
Eliana Skolnick	Wellesley	100 free split	UNK	3	0.5
Emmeline Fritz	Wellesley	100 free split	UNK	3	0.5
Carrie Zhang	Wellesley	100 free split	UNK	3	0.5
Chloe Afzali	Wellesley	100 free split	67.22	5		32.13/35.09
Audrey Shi	Wellesley	100 free split	68.06	5		32.04/36.02
Audrey O'Brien	Wellesley	100 free split	71.98	5		33.22/38.76
Aarna Bhatt	Wellesley	100 free split	67.41	5		31.33/36.08
Emmeline Fritz	Wellesley	50 free	28.22
Aida Huffenus	Wellesley	50 free	31.06
Bryden Tobin	Wellesley	50 free	31.47
Sabine Richmond	Wellesley	50 free	32.58
Esther Kraft	Wellesley	50 free	37.60
Audrey O'Brien	Wellesley	50 free	30.84
Sabine Richmond	Wellesley	100 free	71.64			33.80/37.84
Esther Kraft	Wellesley	100 free	UNK
Chloe Afzali	Bay State Conference	50 back split	30.13	3	8
Maya Porter	Bay State Conference	50 breast split	34.56	3	8
Natalie Guarrera	Bay State Conference	50 fly split	28.24	3	8
Emma Cheung	Bay State Conference	50 free split	26.37	3	8
Audrey Shi	Bay State Conference	50 back split	33.40	12	2.5
Samantha Zeylikman	Bay State Conference	50 breast split	34.99	12	2.5
Madeleine Rowe	Bay State Conference	50 fly split	30.37	12	2.5
Grace Flanagan	Bay State Conference	50 free split	29.14	12	2.5
Elizabeth Ivanova	Bay State Conference	50 back split	34.11	18
Carrie Zhang	Bay State Conference	50 breast split	37.08	18
Lara Bobocea	Bay State Conference	50 fly split	UNK	18
Aarna Bhatt	Bay State Conference	50 free split	UNK	18
Emma Cheung	Bay State Conference	200 free	127.84	6	12.5	29.33/32.46/33.39/32.66
Madeleine Rowe	Bay State Conference	200 free	130.90	10	7	30.19/33.56/33.76/33.39
Eliana Skolnick	Bay State Conference	200 free	133.18	14	3	29.84/32.82/35.15/35.37
Carrie Zhang	Bay State Conference	200 free	138.30	19		30.66/34.03/36.70/36.91
Paige Ingrando	Bay State Conference	200 medley	153.42	17		33.92/36.87/45.45/37.18
Chloe Afzali	Bay State Conference	200 medley	154.16	18		34.63/36.49/46.00/37.04
Genevieve Smith	Bay State Conference	200 medley	152.51	15	2	31.22/37.79/46.97/36.53
Lara Bobocea	Bay State Conference	200 medley	166.19	24		35.61/42.63/52.07/35.88
Emma Manning	Bay State Conference	50 free	27.91	16	1
Sophia Belenkiy	Bay State Conference	50 free	28.21	20
Grace Flanagan	Bay State Conference	50 free	27.52	13	4
Maya Porter	Bay State Conference	50 free	28.23	21
Natalie Guarrera	Bay State Conference	100 fly	62.45	5	14	29.39/33.06
Genevieve Smith	Bay State Conference	100 fly	67.52	10	7	31.17/36.35
Audrey Shi	Bay State Conference	100 fly	73.22	18		33.78/39.44
Elizabeth Ivanova	Bay State Conference	100 fly	78.58
Emmeline Fritz	Bay State Conference	100 free	63.39	20		29.72/32.76
Tessa Jones	Bay State Conference	100 free	59.92	12	5	28.72/31.20
Samantha Zeylikman	Bay State Conference	100 free	62.39	19		29.84/32.55
Aarna Bhatt	Bay State Conference	100 free	67.50	25		30.38/37.12
Emma Cheung	Bay State Conference	500 free	352.09	10	7	66.27/70.84/71.48/73.44/70.06
Madeleine Rowe	Bay State Conference	500 free	346.51	6	13	66.39/70.12/70.49/70.41/69.10
Eliana Skolnick	Bay State Conference	500 free	369.08	14	3	66.73/74.18/78.29/75.98/73.90
Madeline Weirup	Bay State Conference	500 free	385.34	23		71.06/78.17/78.52/79.71/77.88
Grace Flanagan	Bay State Conference	50 free split	27.81	7	6
Tessa Jones	Bay State Conference	50 free split	27.76	7	6
Emma Manning	Bay State Conference	50 free split	27.74	7	6
Paige Ingrando	Bay State Conference	50 free split	27.87	7	6
Emmeline Fritz	Bay State Conference	50 free split	28.64	11	3
Genevieve Smith	Bay State Conference	50 free split	27.79	11	3
Sophia Belenkiy	Bay State Conference	50 free split	28.73	11	3
Maya Porter	Bay State Conference	50 free split	27.86	11	3
Esther Kraft	Bay State Conference	50 free split	36.16	20
Aida Huffenus	Bay State Conference	50 free split	30.27	20
MadhuSri Saranathan	Bay State Conference	50 free split	35.96	20
Audrey O'Brien	Bay State Conference	50 free split	29.72	20
Chloe Afzali	Bay State Conference	100 back	64.21	4	15	31.27/32.94
Natalie Guarrera	Bay State Conference	100 back	64.33	5	14	31.76/32.57
Elizabeth Ivanova	Bay State Conference	100 back	70.96	16	1	34.00/36.96
Audrey Shi	Bay State Conference	100 back	73.42	19		35.55/37.87
Samantha Zeylikman	Bay State Conference	100 breast	76.38	6	13	36.64/39.74
Maya Porter	Bay State Conference	100 breast	77.59	8	11	36.19/41.40
Paige Ingrando	Bay State Conference	100 breast	74.56	4	15	34.76/39.80
Carrie Zhang	Bay State Conference	100 breast	80.92	13	4	38.68/42.24
Paige Ingrando	Bay State Conference	100 free split	60.96	6	4
Tessa Jones	Bay State Conference	100 free split	59.76	6	4
Emma Cheung	Bay State Conference	100 free split	59.58	6	4
Natalie Guarrera	Bay State Conference	100 free split	58.36	6	4
Emma Manning	Bay State Conference	100 free split	61.92	10	3.5
Eliana Skolnick	Bay State Conference	100 free split	61.10	10	3.5
Emmeline Fritz	Bay State Conference	100 free split	61.50	10	3.5
Madeleine Rowe	Bay State Conference	100 free split	60.59	10	3.5
Aarna Bhatt	Bay State Conference	100 free split	68.68	18
Madeline Weirup	Bay State Conference	100 free split	72.43	18
Sabine Richmond	Bay State Conference	100 free split	70.24	18
Lara Bobocea	Bay State Conference	100 free split	65.30	18
Chloe Afzali	Sectionals	50 back split	30.13	4	7.5
Paige Ingrando	Sectionals	50 breast split	34.72	4	7.5
Natalie Guarrera	Sectionals	50 fly split	27.57	4	7.5
Emma Cheung	Sectionals	50 free split	26.61	4	7.5
Emma Manning	Sectionals	50 free split	28.18	9	4.5
Sophia Belenkiy	Sectionals	50 free split	28.10	9	4.5
Grace Flanagan	Sectionals	50 free split	27.58	9	4.5
Tessa Jones	Sectionals	50 free split	27.09	9	4.5
Tessa Jones	Sectionals	100 free split	60.54	8	5.5	28.65/31.89
Paige Ingrando	Sectionals	100 free split	60.00	8	5.5	28.09/31.91
Emma Cheung	Sectionals	100 free split	58.63	8	5.5	27.63/31.00
Natalie Guarrera	Sectionals	100 free split	57.64	8	5.5	27.69/29.95
Eliana Skolnick	Sectionals	200 free	132.19	14	3	29.95/33.81/34.43/34.00
Emma Cheung	Sectionals	200 medley	147.17	15	2	30.19/37.70/44.19/35.09
Madeleine Rowe	Sectionals	200 medley	148.85	16	1	31.06/40.06/42.97/34.76
Genevieve Smith	Sectionals	200 medley	152.94	19		30.52/38.89/47.05/36.48
Chloe Afzali	Sectionals	200 medley	153.87	20		34.38/36.24/46.19/37.06
Tessa Jones	Sectionals	50 free	27.64	21
Grace Flanagan	Sectionals	50 free	27.69	22
Emma Manning	Sectionals	50 free	27.91	23
Sophia Belenkiy	Sectionals	50 free	28.10	24
Natalie Guarrera	Sectionals	100 fly	61.14	3	16	28.35/32.79
Genevieve Smith	Sectionals	100 fly	68.20	17		30.93/37.27
Emma Cheung	Sectionals	100 free	59.04	16	1	27.72/31.32
Paige Ingrando	Sectionals	100 free	59.82	20		28.57/31.25
Tessa Jones	Sectionals	100 free	60.44	22		28.29/31.15
Madeleine Rowe	Sectionals	500 free	352.15	11	6	67.12/70.12/72.50/71.59/70.82
Eliana Skolnick	Sectionals	500 free	360.71	16	1	68.98/72.92/73.22/74.60/70.99
Natalie Guarrera	Sectionals	100 back	62.95	6	13	30.66/32.29
Chloe Afzali	Sectionals	100 back	64.70	8	11	30.77/33.93
Paige Ingrando	Sectionals	100 breast	74.17	5	14	34.92/39.25
Samantha Zeylikman	Sectionals	100 breast	75.41	7	12	36.28/39.13
Maya Porter	Sectionals	100 breast	76.38	8	11	35.59/40.79
Carrie Zhang	Sectionals	100 breast	78.44	14	3	37.12/41.32
Chloe Afzali	States	50 back split	29.56	7	6
Paige Ingrando	States	50 breast split	34.47	7	6
Natalie Guarrera	States	50 fly split	27.66	7	6
Emma Cheung	States	50 free split	26.92	7	6
Emma Manning	States	50 free split	27.90	9	4.5
Grace Flanagan	States	50 free split	27.15	9	4.5
Genevieve Smith	States	50 free split	27.33	9	4.5
Tessa Jones	States	50 free split	27.08	9	4.5
Tessa Jones	States	100 free split	59.86	6	6.5	28.61/31.25
Paige Ingrando	States	100 free split	59.90	6	6.5	28.40/31.50
Emma Cheung	States	100 free split	57.29	6	6.5	27.52/29.77
Natalie Guarrera	States	100 free split	57.64	6	6.5	27.23/30.41
Emma Cheung	States	200 free	127.06	10	7	29.34/31.88/32.97/32.87
Madeleine Rowe	States	200 free	129.82	15	2	30.13/33.02/33.31/33.36
Natalie Guarrera	States	100 fly	61.26	6	13	28.31/32.95
Genevieve Smith	States	100 fly	66.71	18		29.59/37.12
Emma Cheung	States	100 free	58.16	9	9	28.04/30.12
Paige Ingrando	States	100 free	60.20	21		28.74/31.46
Madeleine Rowe	States	500 free	341.88	7	12	64.34/68.22/69.76/70.16/69.40
Chloe Afzali	States	100 back	62.92	6	13	30.31/32.61
Natalie Guarrera	States	100 back	63.12	7	12	30.78/32.34
Paige Ingrando	States	100 breast	73.70	9	9	34.97/38.73
Samantha Zeylikman	States	100 breast	74.25	11	6	36.22/38.03
Maya Porter	States	100 breast	74.51	14	3	35.08/39.43
